<?xml version="1.0" encoding="UTF-8"?>
<project-private xmlns="http://www.netbeans.org/ns/project-private/1">
    <editor-bookmarks xmlns="http://www.netbeans.org/ns/editor-bookmarks/2" lastBookmarkId="0"/>
    <open-files xmlns="http://www.netbeans.org/ns/projectui-open-files/2">
        <group>
            <file>file:/C:/Users/srhad/OneDrive/Documentos/NetBeansProjects/Taller/Taller/src/Interface/Interface.java</file>
            <file>file:/C:/Users/srhad/OneDrive/Documentos/NetBeansProjects/Taller/Taller/src/Class/Class.java</file>
            <file>file:/C:/Users/srhad/OneDrive/Documentos/NetBeansProjects/Taller/Taller/src/Class/Ejercicio3.java</file>
            <file>file:/C:/Users/srhad/OneDrive/Documentos/NetBeansProjects/Taller/Taller/src/Class/Ejercicio6.java</file>
            <file>file:/C:/Users/srhad/OneDrive/Documentos/NetBeansProjects/Taller/Taller/src/Class/Ejercicio10.java</file>
            <file>file:/C:/Users/srhad/OneDrive/Documentos/NetBeansProjects/Taller/Taller/src/Class/Ejercicio7.java</file>
            <file>file:/C:/Users/srhad/OneDrive/Documentos/NetBeansProjects/Taller/Taller/src/Class/Ejercicio2.java</file>
            <file>file:/C:/Users/srhad/OneDrive/Documentos/NetBeansProjects/Taller/Taller/src/Class/Ejercicio5.java</file>
            <file>file:/C:/Users/srhad/OneDrive/Documentos/NetBeansProjects/Taller/Taller/src/Class/Ejercicio4.java</file>
            <file>file:/C:/Users/srhad/OneDrive/Documentos/NetBeansProjects/Taller/Taller/src/Class/Ejercicio8.java</file>
            <file>file:/C:/Users/srhad/OneDrive/Documentos/NetBeansProjects/Taller/Taller/src/View/View.java</file>
            <file>file:/C:/Users/srhad/OneDrive/Documentos/NetBeansProjects/Taller/Taller/src/Class/Ejercicio1.java</file>
            <file>file:/C:/Users/srhad/OneDrive/Documentos/NetBeansProjects/Taller/Taller/src/Class/Ejercicio9.java</file>
        </group>
    </open-files>
</project-private>
